,filename,score,num_of_evaluations
0,BJzcrQFjfsQ.jpg,0,0
1,BlSfwPHB5a_.jpg,0,0
2,BlsoWzlFesk.jpg,0,0
3,BmNTJPdHFLI.jpg,0,0
4,Bn-l8xXA1oe.jpg,0,0
5,Bn-mgscAGfH.jpg,0,0
6,Bo1lDTCBL9j.jpg,0,0
7,BoMUTAphCAL.jpg,0,0
8,BoqI5d9h1pi.jpg,0,0
9,BpEQqVMgzRJ.jpg,0,0
10,BpEyhasA9sF.jpg,0,0
11,BpFFLS-hIPb.jpg,0,0
12,BpGUO3IF7af.jpg,0,0
13,BpJv95dnC3n.jpg,0,0
14,BpO-0nKBR3g.jpg,0,0
15,BpO-2YOHIml.jpg,0,0
16,BpO-36fh5z1.jpg,0,0
17,BpO-68Qn_LO.jpg,0,0
18,BpO-aWxFgCf.jpg,0,0
19,BpO-AYqFD-9.jpg,0,0
20,BpO-KrVHw0w.jpg,0,0
21,BpO-KZQgOq9.jpg,0,0
22,BpO-mi9hw4Q.jpg,0,0
23,BpO-R-lhyAJ.jpg,0,0
24,BpO-yLhlUab.jpg,0,0
25,BpO0_FcASpA.jpg,0,0
26,BpO0Mtqjy34.jpg,0,0
27,BpO0uDfnBi5.jpg,0,0
28,BpO0W7gh2cq.jpg,0,0
29,BpO0YXWgDsn.jpg,0,0
30,BpO11j0glRl.jpg,0,0
31,BpO141_FQh6.jpg,0,0
32,BpO143NhqEb.jpg,0,0
33,BpO16eLHEL9.jpg,0,0
34,BpO19lyAv6o.jpg,0,0
35,BpO1fHOgd-G.jpg,0,0
36,BpO1jUYlrUR.jpg,0,0
37,BpO1lgYlchF.jpg,0,0
38,BpO1OICF3rN.jpg,0,0
39,BpO1tNrFkeC.jpg,0,0
40,BpO1xDxA4A-.jpg,0,0
41,BpO2b2Hl9Da.jpg,0,0
42,BpO2ERDHUwT.jpg,0,0
43,BpO2js4nb5h.jpg,0,0
44,BpO2LJenwNX.jpg,0,0
45,BpO2u0jAMgJ.jpg,0,0
46,BpO3-s6BiSe.jpg,0,0
47,BpO3c0cl9Tw.jpg,0,0
48,BpO3ervnW9K.jpg,0,0
49,BpO3oIQF1yF.jpg,0,0
50,BpO3oyWgw7p.jpg,0,0
51,BpO3rsDBaXA.jpg,0,0
52,BpO3UhwAo9w.jpg,0,0
53,BpO4bV8lqVc.jpg,0,0
54,BpO4D2bgefj.jpg,0,0
55,BpO4F-GAjYR.jpg,0,0
56,BpO4IG1Ajjh.jpg,0,0
57,BpO4kBBg0et.jpg,0,0
58,BpO4mYGAY7h.jpg,0,0
59,BpO4OusF1iB.jpg,0,0
60,BpO4s5zAhUa.jpg,0,0
61,BpO4Tozg7hs.jpg,0,0
62,BpO4uxGn3In.jpg,0,0
63,BpO4xVWnxnZ.jpg,0,0
64,BpO5_b5hF-H.jpg,0,0
65,BpO5BxYH65f.jpg,0,0
66,BpO5h_OAaHN.jpg,0,0
67,BpO5lZYgO2h.jpg,0,0
68,BpO5M9ZATA8.jpg,0,0
69,BpO5sePB8Pb.jpg,0,0
70,BpO5tFYhpeB.jpg,0,0
71,BpO5V8NlP1A.jpg,0,0
72,BpO63cmArlK.jpg,0,0
73,BpO6Dc9AHOF.jpg,0,0
74,BpO6G0igxFH.jpg,0,0
75,BpO6JwKgs3l.jpg,0,0
76,BpO6PkcBuSJ.jpg,0,0
77,BpO6Rq7DmPg.jpg,0,0
78,BpO6Rx1nvn1.jpg,0,0
79,BpO6T_-h44C.jpg,0,0
80,BpO6VfblVhx.jpg,0,0
81,BpO6vJKBqXS.jpg,0,0
82,BpO6wAen7mE.jpg,0,0
83,BpO73ACHeLv.jpg,0,0
84,BpO75R_nYuu.jpg,0,0
85,BpO79kBlP_5.jpg,0,0
86,BpO7bCTFBC_.jpg,0,0
87,BpO7ImEg3Jc.jpg,0,0
88,BpO7LnVFZRR.jpg,0,0
89,BpO7s85nj_c.jpg,0,0
90,BpO7XIOHrNh.jpg,0,0
91,BpO7xyTBryp.jpg,0,0
92,BpO8fEigvwL.jpg,0,0
93,BpO8GD4AglG.jpg,0,0
94,BpO8HfzH-b5.jpg,0,0
95,BpO8JueB_d2.jpg,0,0
96,BpO8mCNhQmh.jpg,0,0
97,BpO8PyNlXqd.jpg,0,0
98,BpO8vEeApJS.jpg,0,0
99,BpO96xHAC_r.jpg,0,0
100,BpO9o0MBkks.jpg,0,0
101,BpO9o8MHfu5.jpg,0,0
102,BpO9SnXHqsc.jpg,0,0
103,BpO9VTiB-ST.jpg,0,0
104,BpO9x4XAQfP.jpg,0,0
105,BpO_HN4BBWm.jpg,0,0
106,BpO_j04BM5b.jpg,0,0
107,BpO_o1QASag.jpg,0,0
108,BpO_QVIB6hZ.jpg,0,0
109,BpO_rtHgp_9.jpg,0,0
110,BpO_s-zg2U2.jpg,0,0
111,BpO_yzSAtO-.jpg,0,0
112,BpOGZajnu78.jpg,0,0
113,BpOmr8xAn33.jpg,0,0
114,BpOn8RYHzfp.jpg,0,0
115,BpOnM9jBR3B.jpg,0,0
116,BpOoH2Ghr2j.jpg,0,0
117,BpOoMM-nzDO.jpg,0,0
118,BpOoSmWAXI5.jpg,0,0
119,BpOovm3nZd4.jpg,0,0
120,BpOoxj-lS63.jpg,0,0
121,BpOpVG5nxG4.jpg,0,0
122,BpOq03zBrc3.jpg,0,0
123,BpOq1YEnt1M.jpg,0,0
124,BpOqbdDnDqx.jpg,0,0
125,BpOqiO3FzZv.jpg,0,0
126,BpOqwwxgxFM.jpg,0,0
127,BpOr-6RjKIu.jpg,0,0
128,BpOruLWni7h.jpg,0,0
129,BpOryjSg3rF.jpg,0,0
130,BpOsJNUnD6b.jpg,0,0
131,BpOsMEHBSgN.jpg,0,0
132,BpOspuFhSdM.jpg,0,0
133,BpOTEKnFQm8.jpg,0,0
134,BpOtk1zBTya.jpg,0,0
135,BpOTQn0gFtb.jpg,0,0
136,BpOttpwAS6L.jpg,0,0
137,BpOtXFkgl8g.jpg,0,0
138,BpOug2zAH5m.jpg,0,0
139,BpOuuVFgZET.jpg,0,0
140,BpOv3YlFpos.jpg,0,0
141,BpOvab1A_TY.jpg,0,0
142,BpOvbhwhL9Y.jpg,0,0
143,BpOvbwggMaK.jpg,0,0
144,BpOvhgWApTL.jpg,0,0
145,BpOvM4-AEW2.jpg,0,0
146,BpOvXLJHjqn.jpg,0,0
147,BpOvY0BBJP7.jpg,0,0
148,BpOvZddBfVJ.jpg,0,0
149,BpOw3HJA3o5.jpg,0,0
150,BpOwa7uDV99.jpg,0,0
151,BpOwGHdgEBF.jpg,0,0
152,BpOwGnmHwTN.jpg,0,0
153,BpOwIxRgtMZ.jpg,0,0
154,BpOwlJpAUFQ.jpg,0,0
155,BpOxdQ1lf5g.jpg,0,0
156,BpOxh3ohywY.jpg,0,0
157,BpOxhqgHXhH.jpg,0,0
158,BpOxj6qHnXw.jpg,0,0
159,BpOxNXRlJjX.jpg,0,0
160,BpOxTruAejN.jpg,0,0
161,BpOxVVvlSK_.jpg,0,0
162,BpOy9AklqS2.jpg,0,0
163,BpOyaZNjH3x.jpg,0,0
164,BpOyBhani4w.jpg,0,0
165,BpOyfCGhw9U.jpg,0,0
166,BpOyJ8kH5xH.jpg,3,4
167,BpOyLARhSPl.jpg,4,6
168,BpOyODyHcx5.jpg,3,7
169,BpOyVN7An7R.jpg,7,8
170,BpOyYMQgs8K.jpg,1,6
171,BpOz0mulssy.jpg,2,7
172,BpOz1axAOnf.jpg,4,5
173,BpOzGFcAlpo.jpg,3,5
174,BpOzvIoHJ30.jpg,1,6
175,BpOzY6PB_ed.jpg,1,6
176,BpOzZh7Db8d.jpg,3,5
177,BpP-GX5hCe7.jpg,5,6
178,BpP2xxsn_eU.jpg,1,8
179,BpP4rjmh8Z6.jpg,1,6
180,BpP7L0hHN8i.jpg,1,6
181,BpP9dDjFHmt.jpg,3,5
182,BpP9JmUAJbU.jpg,4,5
183,BpP9jyLgH3p.jpg,3,6
184,BpP_9PTnuq_.jpg,0,6
185,BpPAA8dn2KF.jpg,0,9
186,BpPaFSGBkEl.jpg,2,7
187,BpPAgeAHHx-.jpg,2,7
188,BpPAPfSAqIP.jpg,4,8
189,BpPAR39hagm.jpg,2,9
190,BpPARlogd8J.jpg,6,6
191,BpPASgDgss0.jpg,7,7
192,BpPAxAglyS4.jpg,1,5
193,BpPAZnagNza.jpg,1,9
194,BpPAZRqAN-n.jpg,3,6
195,BpPB-gTjxJh.jpg,4,6
196,BpPB1StgCdZ.jpg,5,9
197,BpPB5WSBYGa.jpg,2,6
198,BpPBATyHBHX.jpg,1,6
199,BpPbGTJnKR6.jpg,1,8
200,BpPBhAwDzAS.jpg,5,8
201,BpPBLOyBkDQ.jpg,3,5
202,BpPbr_wgU3j.jpg,7,7
203,BpPC3cNAbXQ.jpg,0,2
204,BpPCFTgghxz.jpg,5,8
205,BpPCiCtHTA7.jpg,1,4
206,BpPCJEBDCcc.jpg,1,5
207,BpPCk8KlSLU.jpg,1,1
208,BpPCKzQAnjP.jpg,2,2
209,BpPCu71FBcW.jpg,0,0
210,BpPCuFrlG2Y.jpg,1,1
211,BpPCx4uFCS-.jpg,1,1
212,BpPd-1jDQ1V.jpg,0,2
213,BpPD32LAopN.jpg,0,0
214,BpPD3SKAWM5.jpg,1,1
215,BpPDhMUAvai.jpg,0,0
216,BpPDJm_hXPU.jpg,0,0
217,BpPDMY3AYJj.jpg,2,2
218,BpPDnKEAbNB.jpg,0,0
219,BpPDSvngp4A.jpg,2,3
220,BpPDT6-A9pG.jpg,0,0
221,BpPDTydnqBF.jpg,1,1
222,BpPE-_LFs4v.jpg,0,0
223,BpPE4SaHZ9x.jpg,1,2
224,BpPEA7JFemm.jpg,0,0
225,BpPEBVaAqy-.jpg,0,0
226,BpPEfB1FFpw.jpg,0,0
227,BpPEgSQgiy-.jpg,0,1
228,BpPEISznylw.jpg,0,1
229,BpPEMeVH6zW.jpg,1,1
230,BpPEMFCh89L.jpg,0,0
231,BpPEoEYnu9o.jpg,1,1
232,BpPEQigF1yn.jpg,1,1
233,BpPEX1aA9rh.jpg,0,0
234,BpPEzKDnxEL.jpg,1,2
235,BpPF-KQFkDV.jpg,1,1
236,BpPF1hyAMZ2.jpg,0,0
237,BpPF6SnA9me.jpg,0,1
238,BpPF99AA0PG.jpg,1,1
239,BpPFb8dHkIw.jpg,1,1
240,BpPFbNynwhi.jpg,0,0
241,BpPFcYqFPJF.jpg,0,0
242,BpPFCZgnWCA.jpg,1,1
243,BpPFExCg4QU.jpg,2,2
244,BpPFLdCA-hi.jpg,0,0
245,BpPFP_9hPAl.jpg,0,0
246,BpPFqcJhcuw.jpg,1,1
247,BpPFqqjF05i.jpg,0,2
248,BpPFrHMAD3f.jpg,1,2
249,BpPFvphgz3M.jpg,0,2
250,BpPG5aFAB7w.jpg,0,1
251,BpPg8V9H100.jpg,2,2
252,BpPGapJhbu3.jpg,0,0
253,BpPGC6YhP1o.jpg,0,0
254,BpPGCiMg6B9.jpg,1,1
255,BpPGi1SgMux.jpg,0,0
256,BpPGipmFMpW.jpg,1,1
257,BpPGjFqg8hA.jpg,0,0
258,BpPGlEeAKZb.jpg,0,0
259,BpPGnHegQ2a.jpg,2,2
260,BpPGodAAGuH.jpg,0,0
261,BpPGPaBnR9Y.jpg,1,1
262,BpPGphngOrz.jpg,1,1
263,BpPgtbpAzK_.jpg,1,1
264,BpPGUCanWnn.jpg,0,1
265,BpPGUOZnrwl.jpg,1,1
266,BpPGwVrlBUv.jpg,1,2
267,BpPGZA3n_T5.jpg,0,1
268,BpPHA-EhS2p.jpg,1,1
269,BpPHAwAAjai.jpg,0,1
270,BpPHE2BAm-j.jpg,0,0
271,BpPHeGQAp6U.jpg,0,1
272,BpPHEuUHrdM.jpg,0,0
273,BpPHgYxFhc2.jpg,3,3
274,BpPHMPcAAnJ.jpg,1,1
275,BpPHnGLAabZ.jpg,0,0
276,BpPHXkhHzS5.jpg,0,1
277,BpPHy02BQ9E.jpg,0,0
278,BpPI1BhgMo1.jpg,0,1
279,BpPI4z2Bu4I.jpg,0,1
280,BpPI7u8g9Zc.jpg,1,1
281,BpPiETQHwSZ.jpg,0,3
282,BpPiHFQASDx.jpg,1,1
283,BpPIOizj6Dz.jpg,1,1
284,BpPJaDsAd3X.jpg,1,1
285,BpPJNf0hFOY.jpg,0,0
286,BpPJs6UngH-.jpg,0,0
287,BpPJt36AI_K.jpg,1,1
288,BpPJu8MAtM1.jpg,1,1
289,BpPJWXVn8GG.jpg,1,1
290,BpPkGceHwkl.jpg,1,1
291,BpPKkLCF5jU.jpg,0,0
292,BpPKl6HhZd_.jpg,1,2
293,BpPKuSMAD2e.jpg,2,2
294,BpPKW3_FWgl.jpg,0,1
295,BpPKXnJBZcr.jpg,0,0
296,BpPKY5UFsuL.jpg,0,0
297,BpPL3M5hNB-.jpg,0,0
298,BpPL5XSgdME.jpg,0,0
299,BpPLfR2A22n.jpg,0,0
300,BpPLFuaBfCO.jpg,0,2
301,BpPLG1MlUjA.jpg,0,0
302,BpPLLmJhoJP.jpg,0,0
303,BpPlQ7PAcKo.jpg,0,0
304,BpPM1emFiYW.jpg,0,0
305,BpPM4SDlAi1.jpg,0,0
306,BpPM9Q1hKzK.jpg,0,1
307,BpPMaspjwuA.jpg,0,1
308,BpPmbnvFVIK.jpg,1,1
309,BpPMFtpHVPF.jpg,0,0
310,BpPMrD6n9kB.jpg,0,2
311,BpPMRSdh_ya.jpg,1,2
312,BpPNcEmA8DH.jpg,0,0
313,BpPNdjeHybi.jpg,1,1
314,BpPNEHulMwT.jpg,0,1
315,BpPNJ_FgQVC.jpg,0,0
316,BpPNOI0HK2A.jpg,0,0
317,BpPO0QlgpXy.jpg,0,0
318,BpPO1V8geTO.jpg,2,3
319,BpPOeGZgn8i.jpg,1,1
320,BpPOLg2DmMx.jpg,0,1
321,BpPOm4hA5BE.jpg,1,2
322,BpPOmwGFyPR.jpg,0,0
323,BpPOwKoA3Lr.jpg,0,0
324,BpPP0bvgq4a.jpg,0,0
325,BpPP6tVnPCJ.jpg,0,0
326,BpPPbpTD1_O.jpg,0,0
327,BpPPi-kgBnx.jpg,0,0
328,BpPPidPB2rx.jpg,0,0
329,BpPPML9hlVg.jpg,1,2
330,BpPPrVZHTUP.jpg,1,1
331,BpPPUHfBjg4.jpg,0,0
332,BpPPuXWAdUh.jpg,0,0
333,BpPQA1GgVEX.jpg,1,1
334,BpPQJhXgKXr.jpg,1,3
335,BpPqTrinP0k.jpg,0,0
336,BpPQX6ml6rp.jpg,0,1
337,BpPQYdzBG7d.jpg,0,0
338,BpPQySXhixC.jpg,0,0
339,BpPR3XwFvLp.jpg,1,1
340,BpPRDn_HmoC.jpg,0,0
341,BpPRoU4gI4j.jpg,0,0
342,BpPRqNfBmoC.jpg,1,1
343,BpPrrzBnHzw.jpg,2,3
344,BpPRUp-gJJZ.jpg,0,0
345,BpPRv7MHiIi.jpg,1,1
346,BpPRVagh9lx.jpg,0,0
347,BpPSa6wgCR5.jpg,1,4
348,BpPScqoA7qp.jpg,0,1
349,BpPSEoYBDKX.jpg,0,0
350,BpPShtKBT1I.jpg,0,0
351,BpPSKGtH5E7.jpg,3,3
352,BpPSlHzh8OZ.jpg,0,1
353,BpPSVfJg74-.jpg,1,1
354,BpPTbP-lNH_.jpg,0,0
355,BpPTeOaHrxX.jpg,0,0
356,BpPTeTbHNey.jpg,0,0
357,BpPTj0AhoXR.jpg,1,1
358,BpPTk4xDi4W.jpg,0,1
359,BpPTpcHnus0.jpg,1,1
360,BpPTV5aHkF9.jpg,0,0
361,BpPU16hndvz.jpg,0,2
362,BpPUa0Ig_-L.jpg,0,1
363,BpPugVKHCdS.jpg,0,0
364,BpPuj8aFYbQ.jpg,0,0
365,BpPUO92hRne.jpg,1,2
366,BpPUOYLHenu.jpg,1,1
367,BpPUUrgnAvf.jpg,0,0
368,BpPUURVhuaT.jpg,0,0
369,BpPV-qagPyx.jpg,0,0
370,BpPV2rRlybf.jpg,0,0
371,BpPVKF0nPgv.jpg,2,2
372,BpPVL1-gk2g.jpg,3,3
373,BpPVQGEH5vZ.jpg,0,1
374,BpPVSj9nmB1.jpg,0,0
375,BpPVvRiBExu.jpg,1,1
376,BpPWAaDnJt4.jpg,0,1
377,BpPWPvfhNJu.jpg,0,0
378,BpPWRdGgir_.jpg,0,0
379,BpPWS4bghpI.jpg,0,1
380,BpPX--lgQ1M.jpg,1,1
381,BpPx9WTAoTh.jpg,2,2
382,BpPXEGAlkDA.jpg,0,2
383,BpPxpNWHJ3y.jpg,0,0
384,BpPYBBwAkOf.jpg,0,0
385,BpPYfmhF2Hx.jpg,1,2
386,BpPypmGlIQv.jpg,0,2
387,BpPYqw2lUt0.jpg,1,1
388,BpPYRhYn7Y3.jpg,0,0
389,BpPZiYUBC1h.jpg,1,2
390,BpPZkxjhcTP.jpg,1,1
391,BpQaAB9j6PG.jpg,0,0
392,BpQAH8Pn3g3.jpg,0,0
393,BpQb9u_lm9Z.jpg,0,2
394,BpQbeRYjA9M.jpg,0,0
395,BpQbH3eBRx5.jpg,2,2
396,BpQC3x7gld8.jpg,0,1
397,BpQCE37BpC_.jpg,0,0
398,BpQCeggh0rv.jpg,0,0
399,BpQcEq-jaSU.jpg,0,0
400,BpQcXi-HTXL.jpg,0,2
401,BpQD9EYFOGv.jpg,0,0
402,BpQDa8VA9pX.jpg,1,1
403,BpQdiLTHD7g.jpg,0,0
404,BpQdrB3hXAt.jpg,1,1
405,BpQe2xCAetH.jpg,0,2
406,BpQEB5IAvKF.jpg,0,0
407,BpQeDwOH24B.jpg,0,1
408,BpQEu1GFPU5.jpg,1,1
409,BpQEvNxF7Pj.jpg,0,0
410,BpQFGgmns22.jpg,0,2
411,BpQFGSkAp01.jpg,0,0
412,BpQfKiIn4bF.jpg,1,2
413,BpQg5sohsxe.jpg,0,0
414,BpQGSgng-96.jpg,2,2
415,BpQGU8Ggrsr.jpg,2,3
416,BpQHC2Xgy8z.jpg,0,0
417,BpQHcXXg3xD.jpg,0,0
418,BpQHeO1lCUQ.jpg,0,2
419,BpQHK7VAdA7.jpg,0,1
420,BpQHPYkHP9n.jpg,0,0
421,BpQHuOdjGsd.jpg,0,0
422,BpQHxFQAeVC.jpg,0,0
423,BpQI6d1lafJ.jpg,0,0
424,BpQIbZOBbJX.jpg,0,0
425,BpQIe3BHAih.jpg,0,0
426,BpQih6Xl_jO.jpg,0,1
427,BpQijkYneJU.jpg,0,1
428,BpQIjXEHW9w.jpg,0,0
429,BpQIqZjFtSv.jpg,0,1
430,BpQISH_AtUw.jpg,1,1
431,BpQJ2LWAjhV.jpg,2,2
432,BpQJgPNFD0z.jpg,0,0
433,BpQjORil4Cm.jpg,0,0
434,BpQk-2pDqYT.jpg,1,2
435,BpQk96OAXMc.jpg,0,0
436,BpQkbG3gXxw.jpg,1,1
437,BpQkD6NnWHU.jpg,0,0
438,BpQkLPHHTuV.jpg,0,1
439,BpQKPQUFa2e.jpg,0,0
440,BpQKt72AOFe.jpg,0,1
441,BpQKX-OhVbR.jpg,1,1
442,BpQkzS_Fmhw.jpg,0,1
443,BpQlCqMASox.jpg,0,0
444,BpQLG1Tg02T.jpg,0,0
445,BpQLhrYFJf7.jpg,0,0
446,BpQlij0A97B.jpg,2,2
447,BpQLoVCgkSC.jpg,2,3
448,BpQLwb3n9dn.jpg,1,2
449,BpQM459AfU5.jpg,1,1
450,BpQM7ahhKfc.jpg,0,0
451,BpQmnafg_gb.jpg,0,0
452,BpQMO6dFfOy.jpg,0,0
453,BpQMzh5lKPm.jpg,1,2
454,BpQNb47l8o2.jpg,1,2
455,BpQNCmMAhjT.jpg,0,0
456,BpQNGajlMAR.jpg,0,1
457,BpQNIpAnGt-.jpg,0,2
458,BpQNl60h_Zx.jpg,0,0
459,BpQNnHyBcsS.jpg,0,0
460,BpQnQ8_l64p.jpg,2,2
461,BpQNtT3nhum.jpg,1,1
462,BpQNv8mlkba.jpg,2,2
463,BpQnYP8Aow4.jpg,0,1
464,BpQO_P2Hfcc.jpg,0,0
465,BpQoaVVA5gg.jpg,0,0
466,BpQoEv2gkaa.jpg,0,0
467,BpQoI_xA8Jd.jpg,0,0
468,BpQoKHBhyBD.jpg,1,1
469,BpQOyEhgq2d.jpg,0,2
470,BpQPLGrHmkW.jpg,1,1
471,BpQQFwrhwwq.jpg,0,0
472,BpQQSXoFoxm.jpg,0,1
473,BpQSAYrFDZA.jpg,0,0
474,BpQSlARnGa0.jpg,1,3
475,BpQSmSGHVuO.jpg,0,0
476,BpQSUk0jtKY.jpg,0,0
477,BpQSWKshc90.jpg,1,1
478,BpQTKNOhcrr.jpg,0,0
479,BpQTnhUB8U9.jpg,0,1
480,BpQU0tDhigt.jpg,0,0
481,BpQUmGoAzTj.jpg,0,0
482,BpQUteYFa9u.jpg,1,1
483,BpQVwSXh6SS.jpg,0,0
484,BpQW7OXgeDq.jpg,0,2
485,BpQWEyjlvWI.jpg,0,1
486,BpQYeSfnE35.jpg,0,1
487,BpQYJ0XAXKN.jpg,0,0
488,BpQYJNvgA3t.jpg,2,2
489,BpQYSe-FJb6.jpg,1,1
490,BpQYvVeFqhK.jpg,1,1
491,BpQZ2drhmy2.jpg,1,1
492,BpQZBEkFGn9.jpg,0,0
493,BpQZCIZn8m3.jpg,2,3
494,BpTapGCBfC7.jpg,0,0
495,BpTaY_KHZ-5.jpg,0,0
496,BpTbFQUlaw7.jpg,2,2
497,BpTbHY7h-Zw.jpg,3,3
498,BpTbrELhCmk.jpg,1,1
499,BpTbu6fA8Vp.jpg,1,1
